query,title,url,snippet,emails
digital marketing agency India,best digital marketing agency - B2B digital marketing servicesAdViewing ads is privacy protected by DuckDuckGo. Ad clicks are managed by Microsoft's ad network (more info).,https://perakamedia.com,Grow your brand online with result-drivendigitalmarketingstrategies that deliver ROI. Reach the right customers with smartdigitalmarketingstrategies that increase conversion,N/A
digital marketing agency India,Partner for Digital Growth - All-in-One Digital Aid!AdViewing ads is privacy protected by DuckDuckGo. Ad clicks are managed by Microsoft's ad network (more info).,https://gaudedigital.com,Unlock your business potential with Gaude Digital—your partner indigitalsuccess! Your success is our priority; rely on our experts for all your business support.,N/A
digital marketing agency India,Top Digital Marketing Companies in India | 2026 - DesignRush,https://www.designrush.com/agency/digital-marketing/in,Explore the topdigitalmarketingcompanies inIndiaon DesignRush! Find a trusted business partner for your project from a list of verified agencies.,N/A
digital marketing agency India,Digital Marketing Company in India | Langoor Digital Agency,https://www.langoor.com,"Langoor, one of the bestdigitalmarketingagencies inIndia, has been a market leader for 10 years. Check out ourdigitalmarketingportfolio for B2B & B2C brands.",info@langoor.com
digital marketing agency India,40 Top Digital Marketing Agencies In India In 2026,https://www.digitalvidya.com/blog/top-digital-marketing-agencies/,Looking for BestDigitalMarketingAgencies to give you best results? Here's a list of top 40 OnlineMarketingAgencies inIndiawith complete details.,"digital-vidya@2x.webp, Digital-Vidya-Logo@2x.webp"
digital marketing agency India,Digital Marketing Services | Best Digital Marketing Agency in India,https://www.techmagnate.com/digital-marketing-services.html,"Techmagnate is the #1 Top RatedDigitalMarketingAgencyinIndia, excelling for over 19+ years as a leading InternetMarketingCompany delivering proven results.","enquiry@techmagnate.com, jobs@techmagnate.com."
digital marketing agency India,11 Best Digital Marketing Agencies in India [2026 Updated],https://digitalseoland.com/blog/best-digital-marketing-agencies-in-india/,"Find the bestdigitalmarketingagencies inIndiafor 2026. Compare 11 top providers based on SEO, PPC, content, social media, and growth focus.",marketing@digitalseoland.com
digital marketing agency India,Social Panga: Best Digital Marketing Agency in India,https://socialpanga.com,"Social Panga is an integrated social media anddigitalmarketingagencyin Bangalore, Mumbai, Delhi, and Dubai. With a team of over 400+ Mafias, we are an award winning full stackdigitalmarketingagencyinIndiaoffering creative and innovative solutions for brands looking to grow their businesses online.",N/A
digital marketing agency India,20+ Best Digital Marketing Agencies in India (2026),https://www.youngurbanproject.com/best-digital-marketing-agencies/,Discover 20+ topDigitalMarketingAgencies inIndiafor 2026. Find the best partner for growth with our expert guide on evaluation & selection.,hello@youngurbanproject.com
digital marketing agency India,Top Digital Marketing Agencies in India - Clutch,https://clutch.co/in/agencies/digital-marketing,"Digitalmarketingis the act of promoting a company, product, or service online. The industry has undergone several changes over the years, with new processes like SEO, PPC, and social media becoming staples in the field. By hiring adigitalmarketingagencyinIndia, companies can increase traffic to their website, grow brand visibility, and increase sales.",N/A
SEO company Bangalore,SEO | GEO | AEO Services - B2B digital marketing servicesAdViewing ads is privacy protected by DuckDuckGo. Ad clicks are managed by Microsoft's ad network (more info).,https://perakamedia.com,"Drive traffic, leads, and sales with performance-focused digital marketing solutions. Reach the right customers with smart digital marketing strategies that increase conversion",N/A
SEO company Bangalore,10 Best SEO Agencies in Bangalore (Bengaluru) in 2026 - ZeroAdo,https://zeroado.com/blog/seo-companies-in-bangalore,"ZeroAdo, Digital Corsel, OneCity, Brandstory are some bestSEOagencies inBangalorethat can help you scale your organic growth & revenue.",N/A
SEO company Bangalore,Top SEO Companies in Bengaluru - Apr 2026 Rankings - Clutch,https://clutch.co/in/seo-firms/bengaluru,Detailed client reviews of the leading Bengaluru search engine optimization firms. Hire the bestSEOservices in Bengaluru.,N/A
SEO company Bangalore,Top 15 SEO Company in Bangalore (2025) - Brandveda,https://www.brandveda.in/blog/top-seo-company-in-bangalore,"Looking for the bestSEOcompanyinBangalore? Check out our list of top 15SEOcompanies, their services, and clients to find the perfect fit for your business.","info@bangaloreseo.com, info@digimarkagency.com, info@evendigit.com, info@vistasadindia.com, info@ralecon.com, hr@percoyo.com, info@treehack.com, info@webzplot.com, info@seodigitz.com, info@pixelhen.com, info@digitwitt.in, info@repindia.com, info@brandstory.in, info@webenza.com, helloteam@rankhigher.in, inquiry.brandveda@gmail.com, support@vistasadindia.com, hello@innovkraft.com, enquiry@techmagnate.com"
SEO company Bangalore,15 Best SEO Agencies in Bangalore | Leading SEO Firms 2026,https://iide.co/blog/seo-agencies-in-bangalore/,Discover topSEOagencies inBangalorethat provide professionalSEOservices to boost your online visibility in 2026.,"hello@quixta.in, u003einfo@kloctechnologies.com, info@digimarkagency.com, hello@rankz.co, u003ehello@rankz.co, social@iide.co, sales@webaxis.info, u003ehello@quixta.in, kartik+seo@iide.co, info@brandstory.in, info@kloctechnologies.com, info@ralecon.com, hr@percoyo.com"
SEO company Bangalore,Top 10 SEO companies in Bangalore in 2026,https://www.advnit.com/blog/top-seo-companies-in-bangalore/,Discover the top 10SEOcompanies inBangalorein 2026 that can boost your website's search engine rankings and drive more organic traffic. Find the bestSEOagencies to enhance your online presence.,"meetdigitalimac@gmail.com, info@advnit.com, sales@mindgee.in, info@seodigitz.com, info@bangaloreseocompany.in, support@brightads.in, hello@mathewdigital.com, info@digitalcorsel.com, hello@hirolainfotech.com, spujeri@gmail.com, support@advnit.com, contact@monaqo.in"
SEO company Bangalore,Top Ten Seo Companies In Bangalore - Techulator,https://www.techulator.com/resources/26762-top-ten-seo-companies-in-bangalore,"Discover the top tenSEOcompanies inBangaloreoffering expert strategies, proven results, and tailored solutions to boost search engine rankings, drive organic traffic, and enhance online business visibility.",N/A
SEO company Bangalore,SEO Company in Bangalore | SEO Expert in Bangalore | Satheesseo,https://www.satheesseo.in,"Searching for the bestSEOexpert servicescompanyinBangalore? We offer localSEOservices, GMBSEO, startupSEO, SMM, Google AdWords, website design, and maintenance, etc.",info@satheesseo.in
SEO company Bangalore,Top 10 SEO Companies in Bangalore - nxtwat.com,https://nxtwat.com/blog/top-10-seo-companies-in-bangalore-india-2025/,"In the bustling tech hub ofBangalore, businesses are constantly striving to establish a strong digital presence. Search Engine Optimization (SEO) has emerged as a cornerstone for driving organic growth, enhancing brand visibility, and reaching target audiences effectively.",info@nxtwat.com.
SEO company Bangalore,10 Best SEO Companies In Bangalore To Hire In 2025,https://www.w3webschool.com/blog/seo-companies-in-bangalore/,"Compare 10 ROI-FocusedSEOCompanies inBangalorefor quality, pricing, and performance. Pick the right one to rank higher.","admin@w3webschool.com, w3webschools@gmail.com"
social media marketing startup,Become a Social Media Marketer - Start Social Media CareerAdViewing ads is privacy protected by DuckDuckGo. Ad clicks are managed by Microsoft's ad network (more info).,https://coursera.org,"Start yourmarketingcareer with ₹201K+ median salary potential. No experience needed. Learn ads, content & strategy to grow your career.",632c598283934f76a6a49e66102577da@o75955.ingest.sentry.io
social media marketing startup,best digital marketing agency - Your brand strategy partnerAdViewing ads is privacy protected by DuckDuckGo. Ad clicks are managed by Microsoft's ad network (more info).,https://perakamedia.com,Grow your brand online with result-driven digitalmarketingstrategies that deliver ROI. Reach the right customers with smart digitalmarketingstrategies that increase conversion,N/A
social media marketing startup,101 India Based Social Media Management Companies - Best Startup,https://beststartup.in/101-india-based-social-media-management-companies-the-most-innovative-social-media-management-companies/,"Inquirly Inquirly develops a tool that enables brands to interact and engage with their consumers in real time on multiple channels. Founder (s): Anjan Choudhary, Jordan Simkin Location: Bangalore, Karnataka, India Industries: Advertising, EmailMarketing,Marketing, SaaS,SocialMediaManagement, Software Follow: Linkedin Website Twitter ...",admin@beststartup.in
social media marketing startup,20 top Social Media Marketing companies and startups in Bangalore in ...,https://www.f6s.com/companies/social-media-marketing/india/karnataka/bangalore/co,"Detailed info and reviews on 11 topSocialMediaMarketingcompanies andstartupsin Bangalore in 2026. Get the latest updates on their products, jobs, funding, investors, founders and more.",support@f6s.com
social media marketing startup,Social Media Marketing For Startups: A Beginner's Guide,https://www.socialpilot.co/blog/social-media-marketing-for-startups,This blog explains how to usesocialmediamarketingforstartupsand walks you through various techniques and strategies formarketingyourstartup.,N/A
social media marketing startup,StartupOne Alliance | Digital Marketing Agency in India | SEO ...,https://startupone.in,"StartupOne is an integratedsocialmediaand digitalmarketingagency in Hisar & Bangalore. With a team of dedicated & experiencedmarketingMafias, we are an award winning 360-degree digitalmarketingagency in India offering creative and innovative solutions for brands looking to grow their businesses online in this competitive business landscape helping businesses to grow fromstartupto IPO.",info@startupone.in
social media marketing startup,69 Best Social Media Marketing Startups to Watch in 2026,https://www.seedtable.com/best-social-media-marketing-startups,"The Definitive Seedtable Ranking ofSocialMediaMarketingStartupsWe track 71,000+ companies and rank them dynamically using our Seedtable Score - a score that uses quantitative and qualitative data points to signal the momentum behind a company. We then monitor the list manually leveraging our expertise as founders and investors.",N/A
social media marketing startup,22 Bengaluru Based Social Media Marketing Companies | The Most ...,https://beststartup.in/22-bengaluru-based-social-media-marketing-companies-the-most-innovative-social-media-marketing-companies/,"We've ranked the top 22SocialMediaMarketingcompanies in Bengaluru. The companies,startupsand institutions listed in this article are all exceptional companies, well worth a follow.",admin@beststartup.in
social media marketing startup,Step-by-Step Social Media Marketing Plan for Startups in India,https://www.brandbay.in/blogs/social-media-marketing-plan-startups-india,"Build a powerfulsocialmediamarketingplan for your Indianstartup. Learn audience research, platform selection, content creation, ad management, and performance tracking step-by-step.",info@brandbay.in
social media marketing startup,Best Social Media Marketing Companies to Work for in India 2026,https://wellfound.com/startups/l/india/social-media-marketing,"Find the bestSocialMediaMarketingcompanies andstartupsto work in India on Wellfound - See company jobs, overviews, benefits, funding info, employee reviews, and more.",N/A